epoch,steps,Pearson_Correlation,Spearman_Correlation
1.0,20,0.46885878785648033,0.3332652986000319
2.0,40,0.7836211950377738,0.6902316126302549
3.0,60,0.8388636845157231,0.7607542258898842
4.0,80,0.8527917300694094,0.7864867569283772
5.0,100,0.8561063034315164,0.794032386330642
